{
  "croppedArea": {
    "x": 0,
    "y": -2.3489932885906053,
    "width": 100,
    "height": 209.39597315436242
  },
  "rotation": 0,
  "dexStats": "NO. 0041"
}